filename,label
0001.jpg,gado_gado
0002.jpg,gado_gado
0003.jpg,rendang
0004.jpg,bakso
0005.jpg,bakso
0006.jpg,soto_ayam
0007.jpg,rendang
0008.jpg,soto_ayam
0009.jpg,bakso
0010.jpg,gado_gado
0011.jpg,bakso
0012.jpg,nasi_goreng
0013.jpg,rendang
0014.jpg,soto_ayam
0015.jpg,nasi_goreng
0016.jpg,soto_ayam
0017.jpg,rendang
0018.jpg,gado_gado
0019.jpg,gado_gado
0020.jpg,nasi_goreng
0021.jpg,soto_ayam
0022.jpg,rendang
0023.jpg,nasi_goreng
0024.jpg,nasi_goreng
0025.jpg,nasi_goreng
0026.jpg,soto_ayam
0027.jpg,bakso
0028.jpg,bakso
0029.jpg,gado_gado
0030.jpg,nasi_goreng
0031.jpg,rendang
0032.jpg,bakso
0033.jpg,gado_gado
0034.jpg,soto_ayam
0035.jpg,bakso
0036.jpg,nasi_goreng
0037.jpg,gado_gado
0038.jpg,rendang
0039.jpg,bakso
0040.jpg,nasi_goreng
0041.jpg,nasi_goreng
0042.jpg,bakso
0043.jpg,rendang
0044.jpg,soto_ayam
0045.jpg,gado_gado
0046.jpg,soto_ayam
0047.jpg,soto_ayam
0048.jpg,gado_gado
0049.jpg,nasi_goreng
0050.jpg,soto_ayam
0051.jpg,rendang
0052.jpg,nasi_goreng
0053.jpg,soto_ayam
0054.jpg,soto_ayam
0055.jpg,nasi_goreng
0056.jpg,rendang
0057.jpg,soto_ayam
0058.jpg,nasi_goreng
0059.jpg,gado_gado
0060.jpg,soto_ayam
0061.jpg,bakso
0062.jpg,rendang
0063.jpg,nasi_goreng
0064.jpg,gado_gado
0065.jpg,bakso
0066.jpg,bakso
0067.jpg,soto_ayam
0068.jpg,nasi_goreng
0069.jpg,bakso
0070.jpg,gado_gado
0071.jpg,bakso
0072.jpg,soto_ayam
0073.jpg,gado_gado
0074.jpg,gado_gado
0075.jpg,nasi_goreng
0076.jpg,nasi_goreng
0077.jpg,gado_gado
0078.jpg,nasi_goreng
0079.jpg,bakso
0080.jpg,bakso
0081.jpg,rendang
0082.jpg,nasi_goreng
0083.jpg,soto_ayam
0084.jpg,bakso
0085.jpg,bakso
0086.jpg,soto_ayam
0087.jpg,gado_gado
0088.jpg,gado_gado
0089.jpg,rendang
0090.jpg,soto_ayam
0091.jpg,rendang
0092.jpg,soto_ayam
0093.jpg,bakso
0094.jpg,gado_gado
0095.jpg,rendang
0096.jpg,soto_ayam
0097.jpg,rendang
0098.jpg,bakso
0099.jpg,bakso
0100.jpg,nasi_goreng
0101.jpg,rendang
0102.jpg,rendang
0103.jpg,gado_gado
0104.jpg,soto_ayam
0105.jpg,gado_gado
0106.jpg,bakso
0107.jpg,bakso
0108.jpg,rendang
0109.jpg,bakso
,
0111.jpg,gado_gado
0112.jpg,bakso
0113.jpg,soto_ayam
0114.jpg,bakso
0115.jpg,rendang
0116.jpg,gado_gado
0117.jpg,gado_gado
0118.jpg,rendang
0119.jpg,nasi_goreng
0120.jpg,nasi_goreng
0121.jpg,bakso
0122.jpg,rendang
0123.jpg,nasi_goreng
0124.jpg,soto_ayam
0125.jpg,soto_ayam
0126.jpg,nasi_goreng
0127.jpg,gado_gado
0128.jpg,bakso
0129.jpg,bakso
0130.jpg,soto_ayam
0131.jpg,gado_gado
0132.jpg,rendang
0133.jpg,gado_gado
,
0135.jpg,bakso
0136.jpg,bakso
0137.jpg,rendang
0138.jpg,rendang
0139.jpg,bakso
0140.jpg,bakso
0141.jpg,rendang
0142.jpg,nasi_goreng
0143.jpg,soto_ayam
0144.jpg,nasi_goreng
0145.jpg,rendang
0146.jpg,rendang
0147.jpg,soto_ayam
0148.jpg,soto_ayam
0149.jpg,soto_ayam
0150.jpg,rendang
0151.jpg,gado_gado
0152.jpg,rendang
0153.jpg,soto_ayam
0154.jpg,bakso
0155.jpg,soto_ayam
0156.jpg,nasi_goreng
0157.jpg,rendang
0158.jpg,soto_ayam
0159.jpg,nasi_goreng
0160.jpg,rendang
0161.jpg,nasi_goreng
0162.jpg,soto_ayam
0163.jpg,nasi_goreng
0164.jpg,rendang
0165.jpg,rendang
0166.jpg,gado_gado
0167.jpg,bakso
0168.jpg,bakso
0169.jpg,bakso
0170.jpg,rendang
0171.jpg,nasi_goreng
0172.jpg,nasi_goreng
0173.jpg,rendang
0174.jpg,nasi_goreng
0175.jpg,gado_gado
0176.jpg,rendang
0177.jpg,soto_ayam
0178.jpg,gado_gado
0179.jpg,soto_ayam
0180.jpg,bakso
0181.jpg,nasi_goreng
0182.jpg,rendang
0183.jpg,gado_gado
0184.jpg,soto_ayam
0185.jpg,bakso
0186.jpg,rendang
0187.jpg,nasi_goreng
0188.jpg,gado_gado
0189.jpg,soto_ayam
0190.jpg,gado_gado
0191.jpg,soto_ayam
0192.jpg,rendang
0193.jpg,rendang
0194.jpg,soto_ayam
0195.jpg,soto_ayam
0196.jpg,bakso
0197.jpg,bakso
0198.jpg,rendang
0199.jpg,nasi_goreng
0200.jpg,bakso
0201.jpg,rendang
0202.jpg,nasi_goreng
0203.jpg,bakso
0204.jpg,nasi_goreng
0205.jpg,bakso
0206.jpg,rendang
0207.jpg,nasi_goreng
0208.jpg,nasi_goreng
0209.jpg,rendang
0210.jpg,rendang
0211.jpg,rendang
0212.jpg,soto_ayam
0213.jpg,soto_ayam
0214.jpg,gado_gado
0215.jpg,rendang
0216.jpg,soto_ayam
0217.jpg,rendang
0218.jpg,soto_ayam
0219.jpg,rendang
0220.jpg,soto_ayam
0221.jpg,bakso
0222.jpg,nasi_goreng
0223.jpg,rendang
0224.jpg,gado_gado
0225.jpg,rendang
0226.jpg,bakso
0227.jpg,rendang
0228.jpg,gado_gado
0229.jpg,soto_ayam
0230.jpg,nasi_goreng
0231.jpg,bakso
0232.jpg,gado_gado
0233.jpg,rendang
0234.jpg,rendang
0235.jpg,gado_gado
0236.jpg,rendang
0237.jpg,soto_ayam
0238.jpg,bakso
0239.jpg,nasi_goreng
0240.jpg,rendang
0241.jpg,soto_ayam
0242.jpg,soto_ayam
0243.jpg,soto_ayam
0244.jpg,nasi_goreng
0245.jpg,soto_ayam
0246.jpg,nasi_goreng
0247.jpg,bakso
,
0249.jpg,gado_gado
0250.jpg,bakso
0251.jpg,bakso
0252.jpg,soto_ayam
0253.jpg,nasi_goreng
0254.jpg,bakso
0255.jpg,nasi_goreng
0256.jpg,rendang
0257.jpg,rendang
0258.jpg,rendang
0259.jpg,gado_gado
0260.jpg,soto_ayam
0261.jpg,rendang
0262.jpg,gado_gado
0263.jpg,nasi_goreng
0264.jpg,gado_gado
0265.jpg,nasi_goreng
0266.jpg,rendang
0267.jpg,nasi_goreng
0268.jpeg,bakso
0269.jpg,gado_gado
,
0271.jpg,gado_gado
0272.jpg,nasi_goreng
0273.jpg,soto_ayam
0274.jpg,gado_gado
0275.jpg,gado_gado
0276.jpg,soto_ayam
0277.jpg,soto_ayam
0278.jpg,bakso
0279.jpg,soto_ayam
0280.jpg,rendang
0281.jpg,rendang
0282.jpg,gado_gado
0283.jpg,nasi_goreng
0284.jpg,nasi_goreng
0285.jpg,soto_ayam
0286.jpg,gado_gado
0287.jpg,gado_gado
0288.jpg,bakso
0289.jpg,bakso
0290.jpg,rendang
0291.jpg,soto_ayam
0292.jpg,bakso
0293.jpg,bakso
0294.jpg,nasi_goreng
0295.jpg,bakso
0296.jpg,nasi_goreng
0297.jpg,nasi_goreng
0298.jpg,gado_gado
0299.jpg,rendang
0300.jpg,nasi_goreng
0301.jpg,bakso
0302.jpg,nasi_goreng
0303.jpg,rendang
0304.jpg,nasi_goreng
,
0306.jpg,gado_gado
0307.jpg,nasi_goreng
0308.jpg,bakso
0309.jpg,soto_ayam
0310.jpg,rendang
0311.jpg,gado_gado
0312.jpg,nasi_goreng
0313.jpg,rendang
0314.jpg,bakso
0315.jpg,nasi_goreng
0316.jpg,rendang
0317.jpg,soto_ayam
0318.jpg,bakso
0319.jpg,rendang
0320.jpg,gado_gado
0321.jpg,soto_ayam
0322.jpg,nasi_goreng
0323.jpg,bakso
0324.jpg,nasi_goreng
0325.jpg,gado_gado
0326.jpg,gado_gado
0327.jpg,bakso
0328.jpg,rendang
0329.jpg,rendang
0330.jpg,nasi_goreng
0331.jpg,nasi_goreng
0332.jpg,gado_gado
0333.jpg,soto_ayam
0334.jpg,soto_ayam
0335.jpg,rendang
0336.jpg,bakso
0337.jpg,soto_ayam
0338.jpg,soto_ayam
0339.jpg,rendang
0340.jpg,nasi_goreng
0341.jpg,rendang
0342.jpg,rendang
0343.jpg,rendang
0344.jpg,rendang
0345.jpg,bakso
0346.jpg,rendang
0347.jpg,bakso
0348.jpg,rendang
0349.jpg,gado_gado
0350.jpg,soto_ayam
0351.jpg,rendang
0352.jpg,rendang
0353.jpg,bakso
0354.jpg,soto_ayam
0355.jpg,gado_gado
0356.jpg,rendang
0357.jpg,rendang
0358.jpg,nasi_goreng
0359.jpg,nasi_goreng
0360.jpg,bakso
0361.jpg,bakso
0362.jpg,nasi_goreng
0363.jpg,nasi_goreng
0364.jpg,nasi_goreng
0365.jpg,soto_ayam
0366.jpg,bakso
0367.jpg,soto_ayam
0368.jpg,rendang
0369.jpg,nasi_goreng
,
0371.jpg,soto_ayam
0372.jpg,gado_gado
0373.jpg,soto_ayam
0374.jpg,gado_gado
0375.jpg,bakso
0376.jpg,soto_ayam
0377.jpg,gado_gado
0378.jpg,soto_ayam
0379.jpg,rendang
0380.jpg,soto_ayam
0381.jpg,bakso
0382.jpg,nasi_goreng
0383.jpg,soto_ayam
0384.jpg,bakso
0385.jpg,nasi_goreng
0386.jpg,soto_ayam
0387.jpg,gado_gado
0388.jpg,gado_gado
,
0390.jpg,nasi_goreng
0391.jpg,rendang
0392.jpg,soto_ayam
0393.jpg,bakso
0394.jpg,gado_gado
0395.jpg,bakso
0396.jpg,gado_gado
0397.jpg,soto_ayam
0398.jpg,nasi_goreng
0399.jpg,gado_gado
0400.jpg,nasi_goreng
0401.jpg,nasi_goreng
0402.jpg,bakso
0403.jpg,soto_ayam
0404.jpg,bakso
0405.jpg,rendang
0406.jpg,soto_ayam
0407.jpg,nasi_goreng
0408.jpg,soto_ayam
0409.jpg,gado_gado
0410.jpg,bakso
0411.jpg,nasi_goreng
0412.jpg,soto_ayam
0413.jpg,rendang
0414.jpg,gado_gado
0415.jpg,gado_gado
0416.jpg,nasi_goreng
0417.jpg,bakso
0418.jpg,gado_gado
,
0420.jpg,rendang
0421.jpg,gado_gado
0422.jpg,bakso
0423.jpg,nasi_goreng
0424.jpg,rendang
0425.jpg,gado_gado
0426.jpg,nasi_goreng
0427.jpg,rendang
0428.jpg,bakso
0429.jpg,nasi_goreng
0430.jpg,bakso
0431.jpg,soto_ayam
0432.jpg,gado_gado
0433.jpg,nasi_goreng
0434.jpg,rendang
0435.jpg,gado_gado
0436.jpg,soto_ayam
0437.jpg,gado_gado
0438.jpg,soto_ayam
0439.jpg,gado_gado
0440.jpg,bakso
0441.jpg,nasi_goreng
0442.jpg,nasi_goreng
0443.jpg,soto_ayam
0444.jpg,bakso
0445.jpg,gado_gado
0446.jpeg,bakso
0447.jpg,rendang
0448.jpg,soto_ayam
0449.jpg,bakso
0450.jpg,soto_ayam
0451.jpg,gado_gado
0452.jpg,rendang
0453.jpg,nasi_goreng
0454.jpg,soto_ayam
0455.jpg,rendang
0456.jpg,rendang
0457.jpg,bakso
0458.jpg,nasi_goreng
0459.jpg,nasi_goreng
0460.jpg,nasi_goreng
0461.jpg,bakso
0462.jpg,soto_ayam
0463.jpg,rendang
0464.jpg,soto_ayam
0465.jpg,nasi_goreng
0466.jpg,gado_gado
0467.jpg,bakso
0468.jpg,gado_gado
0469.jpg,bakso
0470.jpg,gado_gado
0471.jpg,rendang
0472.jpg,soto_ayam
0473.jpg,nasi_goreng
0474.jpg,gado_gado
0475.jpg,soto_ayam
0476.jpg,soto_ayam
0477.jpg,nasi_goreng
0478.jpg,rendang
0479.jpg,bakso
0480.jpg,nasi_goreng
0481.jpg,rendang
0482.jpg,rendang
,
0484.jpg,soto_ayam
0485.jpg,gado_gado
,
0487.jpg,soto_ayam
0488.jpg,gado_gado
0489.jpg,nasi_goreng
0490.jpg,gado_gado
,
0492.jpg,rendang
0493.jpg,nasi_goreng
0494.jpg,bakso
0495.jpg,rendang
0496.jpg,soto_ayam
0497.jpg,bakso
0498.jpg,gado_gado
0499.jpg,gado_gado
0500.jpg,rendang
0501.jpg,bakso
0502.jpg,soto_ayam
0503.jpg,soto_ayam
0504.jpg,gado_gado
0505.jpg,rendang
0506.jpg,gado_gado
0507.jpg,bakso
0508.jpg,soto_ayam
0509.jpg,bakso
0510.jpg,bakso
0511.jpg,gado_gado
0512.jpg,rendang
0513.jpg,gado_gado
0514.jpg,rendang
0515.jpg,bakso
0516.jpg,bakso
0517.jpg,rendang
0518.jpg,soto_ayam
0519.jpg,soto_ayam
0520.jpg,gado_gado
0521.jpg,gado_gado
0522.jpg,nasi_goreng
0523.jpg,rendang
0524.jpg,nasi_goreng
0525.jpg,nasi_goreng
0526.jpg,gado_gado
0527.jpg,bakso
0528.jpg,bakso
0529.jpg,gado_gado
0530.jpg,rendang
0531.jpg,soto_ayam
0532.jpg,gado_gado
,
0534.jpg,gado_gado
0535.jpg,bakso
0536.jpg,rendang
0537.jpg,soto_ayam
0538.jpg,rendang
0539.jpg,gado_gado
0540.jpg,gado_gado
0541.jpg,nasi_goreng
0542.jpg,nasi_goreng
0543.jpg,bakso
0544.jpg,rendang
0545.jpg,rendang
0546.jpg,bakso
0547.jpg,rendang
0548.jpg,rendang
0549.jpg,nasi_goreng
0550.jpg,nasi_goreng
0551.jpg,soto_ayam
0552.jpg,nasi_goreng
0553.jpg,gado_gado
0554.jpg,gado_gado
0555.jpg,nasi_goreng
0556.jpg,soto_ayam
0557.jpg,nasi_goreng
0558.jpg,gado_gado
0559.jpg,nasi_goreng
0560.jpg,nasi_goreng
0561.jpg,nasi_goreng
0562.jpg,soto_ayam
0563.jpg,nasi_goreng
0564.jpg,rendang
0565.jpg,bakso
0566.jpg,gado_gado
0567.jpg,rendang
0568.jpg,bakso
0569.jpg,gado_gado
0570.jpg,gado_gado
0571.jpg,soto_ayam
0572.jpg,bakso
0573.jpg,nasi_goreng
0574.jpg,rendang
0575.jpg,rendang
0576.jpg,soto_ayam
0577.jpg,bakso
0578.jpeg,bakso
0579.jpg,gado_gado
0580.jpg,bakso
,
0582.jpg,gado_gado
0583.jpg,gado_gado
0584.jpg,gado_gado
0585.jpg,bakso
0586.jpg,gado_gado
0587.jpg,soto_ayam
0588.jpg,nasi_goreng
0589.jpg,rendang
0590.jpg,gado_gado
0591.jpg,nasi_goreng
0592.jpg,nasi_goreng
0593.jpg,nasi_goreng
0594.jpg,nasi_goreng
0595.jpg,rendang
0596.jpg,nasi_goreng
0597.jpg,soto_ayam
0598.jpg,gado_gado
0599.jpg,soto_ayam
0600.jpg,soto_ayam
0601.jpg,bakso
0602.jpg,rendang
0603.jpg,bakso
0604.jpg,soto_ayam
0605.jpg,nasi_goreng
0606.jpg,gado_gado
0607.jpg,nasi_goreng
0608.jpg,bakso
0609.jpg,soto_ayam
0610.jpg,nasi_goreng
0611.jpg,soto_ayam
0612.jpg,nasi_goreng
0613.jpg,gado_gado
0614.jpg,gado_gado
0615.jpg,gado_gado
0616.jpg,bakso
0617.jpg,soto_ayam
0618.jpg,nasi_goreng
0619.jpeg,bakso
0620.jpg,gado_gado
0621.jpg,gado_gado
0622.jpg,nasi_goreng
0623.jpg,gado_gado
0624.jpg,soto_ayam
0625.jpg,gado_gado
0626.jpg,gado_gado
0627.jpg,rendang
0628.jpg,nasi_goreng
0629.jpg,bakso
0630.jpg,rendang
0631.jpg,soto_ayam
0632.jpg,rendang
0633.jpg,bakso
0634.jpg,nasi_goreng
0635.jpg,bakso
0636.jpg,soto_ayam
0637.jpg,gado_gado
0638.jpg,gado_gado
0639.jpg,soto_ayam
0640.jpg,gado_gado
0641.jpg,bakso
0642.jpg,soto_ayam
0643.jpg,rendang
0644.jpg,soto_ayam
0645.jpg,soto_ayam
0646.jpg,nasi_goreng
0647.jpg,rendang
0648.jpg,rendang
0649.jpg,bakso
0650.jpg,gado_gado
0651.jpg,soto_ayam
0652.jpg,rendang
0653.jpg,soto_ayam
0654.jpg,soto_ayam
0655.jpg,soto_ayam
0656.jpg,rendang
0657.jpg,bakso
0658.jpg,rendang
0659.jpg,nasi_goreng
0660.jpg,nasi_goreng
0661.jpg,nasi_goreng
0662.jpg,rendang
0663.jpg,soto_ayam
0664.jpg,bakso
0665.jpg,bakso
0666.jpg,bakso
0667.jpg,nasi_goreng
0668.jpg,soto_ayam
0669.jpg,soto_ayam
0670.jpg,bakso
0671.jpg,soto_ayam
0672.jpg,rendang
,
0674.jpg,bakso
0675.jpg,bakso
0676.jpg,rendang
0677.jpg,gado_gado
0678.jpg,nasi_goreng
0679.jpg,gado_gado
0680.jpg,rendang
0681.jpg,gado_gado
0682.jpg,bakso
0683.jpg,gado_gado
0684.jpg,rendang
0685.jpg,bakso
0686.jpg,nasi_goreng
0687.jpg,soto_ayam
0688.jpg,gado_gado
0689.jpg,soto_ayam
0690.jpg,soto_ayam
0691.jpg,nasi_goreng
,
0693.jpg,nasi_goreng
0694.jpg,nasi_goreng
0695.jpg,rendang
0696.jpg,nasi_goreng
0697.jpg,gado_gado
0698.jpg,bakso
0699.jpg,soto_ayam
0700.jpg,nasi_goreng
0701.jpg,rendang
0702.jpg,gado_gado
0703.jpg,bakso
0704.jpg,gado_gado
0705.jpg,rendang
0706.jpg,nasi_goreng
0707.jpg,gado_gado
0708.jpg,nasi_goreng
0709.jpg,bakso
0710.jpg,soto_ayam
0711.jpg,rendang
0712.jpg,gado_gado
0713.jpg,nasi_goreng
0714.jpg,gado_gado
0715.jpg,bakso
0716.jpg,nasi_goreng
0717.jpg,nasi_goreng
0718.jpg,rendang
0719.jpg,soto_ayam
0720.jpg,gado_gado
0721.jpg,rendang
0722.jpg,gado_gado
0723.jpg,soto_ayam
0724.jpg,soto_ayam
0725.jpg,soto_ayam
0726.jpg,rendang
0727.jpg,bakso
0728.jpg,nasi_goreng
0729.jpg,nasi_goreng
0730.jpg,gado_gado
0731.jpg,rendang
0732.jpg,bakso
0733.jpg,bakso
0734.jpg,gado_gado
0735.jpg,gado_gado
0736.jpg,nasi_goreng
0737.jpg,rendang
0738.jpg,gado_gado
0739.jpg,rendang
0740.jpg,soto_ayam
0741.jpg,rendang
0742.jpg,nasi_goreng
0743.jpg,bakso
0744.jpg,nasi_goreng
0745.jpg,soto_ayam
0746.jpg,rendang
0747.jpg,rendang
0748.jpg,soto_ayam
0749.jpg,bakso
0750.jpg,gado_gado
0751.jpg,soto_ayam
0752.jpg,soto_ayam
0753.jpg,gado_gado
0754.jpg,nasi_goreng
0755.jpg,soto_ayam
0756.jpg,nasi_goreng
0757.jpg,bakso
0758.jpg,gado_gado
0759.jpg,gado_gado
0760.jpg,bakso
0761.jpg,nasi_goreng
0762.jpg,gado_gado
0763.jpg,gado_gado
0764.jpg,soto_ayam
0765.jpg,nasi_goreng
0766.jpg,bakso
0767.jpg,bakso
0768.jpg,soto_ayam
0769.jpg,rendang
0770.jpg,nasi_goreng
0771.jpg,bakso
0772.jpg,gado_gado
0773.jpg,rendang
0774.jpg,rendang
0775.jpg,gado_gado
0776.jpg,rendang
0777.jpg,nasi_goreng
0778.jpg,gado_gado
0779.jpg,nasi_goreng
0780.jpg,gado_gado
0781.jpg,nasi_goreng
0782.jpg,nasi_goreng
0783.jpg,rendang
0784.jpg,rendang
0785.jpg,rendang
0786.jpg,bakso
0787.jpg,gado_gado
0788.jpg,soto_ayam
0789.jpg,rendang
0790.jpg,soto_ayam
0791.jpg,soto_ayam
0792.jpg,gado_gado
0793.jpg,gado_gado
0794.jpg,nasi_goreng
0795.jpg,bakso
0796.jpg,soto_ayam
0797.jpg,soto_ayam
0798.jpg,nasi_goreng
0799.jpg,bakso
0800.jpg,soto_ayam
0801.jpg,nasi_goreng
0802.jpg,bakso
0803.jpg,soto_ayam
0804.jpg,nasi_goreng
0805.jpg,bakso
0806.jpg,bakso
0807.jpg,rendang
0808.jpg,gado_gado
0809.jpg,soto_ayam
0810.jpg,soto_ayam
0811.jpg,soto_ayam
0812.jpg,bakso
0813.jpg,nasi_goreng
0814.jpg,soto_ayam
0815.jpg,gado_gado
0816.jpg,soto_ayam
0817.jpg,bakso
0818.jpg,nasi_goreng
0819.jpg,nasi_goreng
0820.jpg,gado_gado
0821.jpg,bakso
0822.jpg,bakso
0823.jpg,soto_ayam
0824.jpg,rendang
0825.jpg,bakso
0826.jpg,rendang
0827.jpg,bakso
0828.jpg,soto_ayam
0829.jpg,nasi_goreng
0830.jpg,bakso
0831.jpg,nasi_goreng
0832.jpg,bakso
0833.jpg,gado_gado
0834.jpg,nasi_goreng
0835.jpg,nasi_goreng
,
0837.jpg,gado_gado
0838.jpg,gado_gado
0839.jpg,bakso
0840.jpg,nasi_goreng
0841.jpg,bakso
0842.jpg,nasi_goreng
0843.jpg,rendang
0844.jpg,nasi_goreng
0845.jpg,soto_ayam
0846.jpg,rendang
0847.jpg,bakso
,
,
0850.jpg,gado_gado
0851.jpg,soto_ayam
0852.jpg,gado_gado
0853.jpg,nasi_goreng
0854.jpg,nasi_goreng
0855.jpg,nasi_goreng
0856.jpg,nasi_goreng
0857.jpg,soto_ayam
0858.jpg,soto_ayam
,
0860.jpg,gado_gado
0861.jpg,bakso
0862.jpg,rendang
0863.jpg,nasi_goreng
0864.jpg,gado_gado
0865.jpg,gado_gado
0866.jpg,nasi_goreng
0867.jpg,nasi_goreng
0868.jpg,soto_ayam
0869.jpg,nasi_goreng
0870.jpg,nasi_goreng
0871.jpg,soto_ayam
0872.jpg,soto_ayam
0873.jpg,gado_gado
0874.jpg,bakso
0875.jpg,soto_ayam
0876.jpg,nasi_goreng
0877.jpg,gado_gado
0878.jpg,nasi_goreng
0879.jpg,gado_gado
0880.jpg,soto_ayam
0881.jpg,rendang
0882.jpg,rendang
0883.jpg,gado_gado
0884.jpg,gado_gado
0885.jpg,gado_gado
0886.jpg,nasi_goreng
0887.jpg,bakso
0888.jpg,rendang
0889.jpg,nasi_goreng
0890.jpg,rendang
0891.jpg,soto_ayam
0892.jpg,soto_ayam
0893.jpg,nasi_goreng
0894.jpg,rendang
0895.jpg,gado_gado
0896.jpg,gado_gado
0897.jpg,soto_ayam
0898.jpg,nasi_goreng
0899.jpg,rendang
0900.jpg,nasi_goreng
0901.jpg,nasi_goreng
0902.jpg,nasi_goreng
0903.jpg,gado_gado
0904.jpg,nasi_goreng
0905.jpg,gado_gado
0906.jpg,soto_ayam
0907.jpg,rendang
0908.jpg,soto_ayam
0909.jpg,bakso
0910.jpg,bakso
0911.jpeg,bakso
0912.jpg,nasi_goreng
0913.jpg,gado_gado
0914.jpg,rendang
0915.jpg,gado_gado
0916.jpg,nasi_goreng
0917.jpg,gado_gado
0918.jpg,gado_gado
0919.jpg,nasi_goreng
0920.jpg,nasi_goreng
0921.jpg,gado_gado
0922.jpg,gado_gado
0923.jpg,nasi_goreng
0924.jpg,bakso
0925.jpg,rendang
0926.jpg,rendang
0927.jpg,nasi_goreng
0928.jpg,bakso
0929.jpg,rendang
0930.jpg,rendang
0931.jpg,soto_ayam
0932.jpg,bakso
0933.jpg,gado_gado
0934.jpg,gado_gado
0935.jpg,rendang
0936.jpg,nasi_goreng
0937.jpg,gado_gado
0938.jpg,gado_gado
,
0940.jpg,gado_gado
0941.jpg,rendang
0942.jpg,nasi_goreng
0943.jpg,bakso
0944.jpg,rendang
0945.jpg,soto_ayam
0946.jpg,gado_gado
0947.jpg,gado_gado
0948.jpg,bakso
0949.jpg,nasi_goreng
0950.jpg,bakso
0951.jpg,soto_ayam
0952.jpg,bakso
0953.jpg,rendang
,
0955.jpg,rendang
0956.jpg,gado_gado
0957.jpg,gado_gado
0958.jpg,soto_ayam
0959.jpg,soto_ayam
0960.jpg,rendang
0961.jpg,rendang
0962.jpg,bakso
0963.jpg,rendang
0964.jpg,rendang
0965.jpg,soto_ayam
0966.jpg,rendang
,
0968.jpg,soto_ayam
0969.jpg,nasi_goreng
0970.jpg,nasi_goreng
0971.jpg,soto_ayam
0972.jpg,bakso
0973.jpeg,bakso
0974.jpg,rendang
0975.jpg,nasi_goreng
0976.jpg,rendang
0977.jpg,nasi_goreng
0978.jpg,soto_ayam
0979.jpg,gado_gado
0980.jpg,rendang
0981.jpg,nasi_goreng
0982.jpg,soto_ayam
0983.jpg,soto_ayam
0984.jpg,nasi_goreng
0985.jpg,bakso
0986.jpg,bakso
0987.jpg,gado_gado
0988.jpg,rendang
0989.jpg,bakso
0990.jpg,nasi_goreng
0991.jpg,nasi_goreng
0992.jpg,bakso
0993.jpg,rendang
0994.jpg,bakso
0995.jpg,rendang
0996.jpg,soto_ayam
0997.jpg,bakso
0998.jpg,nasi_goreng
,
1000.jpg,rendang
1001.jpg,rendang
1002.jpg,rendang
1003.jpg,rendang
1004.jpg,nasi_goreng
1005.jpg,nasi_goreng
1006.jpg,gado_gado
1007.jpg,bakso
1008.jpg,nasi_goreng
1009.jpg,soto_ayam
1010.jpg,nasi_goreng
1011.jpg,bakso
1012.jpg,gado_gado
1013.jpg,rendang
1014.jpg,bakso
1015.jpg,rendang
1016.jpg,soto_ayam
1017.jpg,nasi_goreng
1018.jpg,rendang
1019.jpg,rendang
1020.jpg,gado_gado
1021.jpg,gado_gado
1022.jpg,bakso
1023.jpg,soto_ayam
1024.jpg,rendang
1025.jpg,gado_gado
1026.jpg,rendang
1027.jpg,bakso
1028.jpg,gado_gado
1029.jpg,soto_ayam
1030.jpg,soto_ayam
1031.jpg,rendang
1032.jpg,rendang
1033.jpg,rendang
1034.jpg,soto_ayam
,
1036.jpg,bakso
1037.jpg,nasi_goreng
1038.jpg,bakso
1039.jpg,bakso
1040.jpg,nasi_goreng
1041.jpg,soto_ayam
1042.jpg,soto_ayam
1043.jpg,bakso
1044.jpg,soto_ayam
1045.jpg,soto_ayam
1046.jpg,rendang
1047.jpg,gado_gado
1048.jpg,gado_gado
1049.jpg,nasi_goreng
1050.jpg,gado_gado
1051.jpg,nasi_goreng
1052.jpg,nasi_goreng
1053.jpg,soto_ayam
1054.jpg,bakso
1055.jpg,bakso
1056.jpg,soto_ayam
1057.jpg,bakso
1058.jpg,bakso
1059.jpg,nasi_goreng
1060.jpg,bakso
1061.jpg,nasi_goreng
1062.jpg,soto_ayam
1063.jpg,soto_ayam
1064.jpg,nasi_goreng
1065.jpg,nasi_goreng
1066.jpg,gado_gado
1067.jpg,rendang
1068.jpg,nasi_goreng
1069.jpg,bakso
1070.jpg,rendang
1071.jpg,rendang
1072.jpg,gado_gado
1073.jpg,bakso
1074.jpg,bakso
1075.jpg,rendang
1076.jpg,bakso
1077.jpg,bakso
1078.jpg,soto_ayam
,
1080.jpg,nasi_goreng
1081.jpg,bakso
1082.jpg,soto_ayam
1083.jpg,soto_ayam
1084.jpg,gado_gado
1085.jpg,nasi_goreng
1086.jpg,gado_gado
1087.jpg,gado_gado
1088.jpg,nasi_goreng
1089.jpg,rendang
1090.jpg,rendang
1091.jpg,bakso
1092.jpg,bakso
1093.jpg,gado_gado
1094.jpg,bakso
1095.jpg,nasi_goreng
1096.jpg,gado_gado
1097.jpg,bakso
1098.jpg,bakso
1099.jpg,gado_gado
1100.jpg,bakso
1101.jpg,rendang
1102.jpg,bakso
1103.jpg,gado_gado
1104.jpg,rendang
1105.jpg,rendang
1106.jpg,rendang
1107.jpg,bakso
1108.jpg,bakso
bakso_1.jpg,bakso
bakso_2.jpg,bakso
bakso_3.jpg,bakso
bakso_4.jpg,bakso
bakso_5.jpg,bakso
bakso_6.jpg,bakso
bakso_7.jpg,bakso
bakso_8.jpg,bakso
bakso_9.jpg,bakso
bakso_10.jpg,bakso
bakso_11.jpg,bakso
bakso_12.jpg,bakso
bakso_13.jpg,bakso
bakso_14.jpg,bakso
bakso_15.jpg,bakso
bakso_16.jpg,bakso
bakso_17.jpg,bakso
bakso_18.jpg,bakso
bakso_19.jpg,bakso
bakso_20.jpg,bakso
rendang_5.jpg,rendang
rendang_6.jpg,rendang
rendang_7.jpg,rendang
rendang_8.jpg,rendang
rendang_9.jpg,rendang
rendang_10.jpg,rendang
rendang_11.jpg,rendang
rendang_12.jpg,rendang
rendang_13.jpg,rendang
rendang_14.jpg,rendang
rendang_15.jpg,rendang
rendang_16.jpg,rendang
rendang_17.jpg,rendang
rendang_18.jpg,rendang
rendang_19.jpg,rendang
rendang_20.jpg,rendang
rendang_21.jpg,rendang
rendang_22.jpg,rendang
rendang_23.jpg,rendang
rendang_24.jpg,rendang
soto_ayam_4.jpg,soto_ayam
soto_ayam_5.jpg,soto_ayam
soto_ayam_6.jpg,soto_ayam
soto_ayam_7.jpg,soto_ayam
soto_ayam_8.jpg,soto_ayam
soto_ayam_9.jpg,soto_ayam
soto_ayam_10.jpg,soto_ayam
soto_ayam_11.jpg,soto_ayam
soto_ayam_12.jpg,soto_ayam
soto_ayam_13.jpg,soto_ayam
soto_ayam_14.jpg,soto_ayam
soto_ayam_15.jpg,soto_ayam
soto_ayam_16.jpg,soto_ayam
soto_ayam_17.jpg,soto_ayam
soto_ayam_18.jpg,soto_ayam
soto_ayam_19.jpg,soto_ayam
soto_ayam_20.jpg,soto_ayam
soto_ayam_21.jpg,soto_ayam
soto_ayam_22.jpg,soto_ayam
soto_ayam_23.jpg,soto_ayam
gado_gado_7.jpg,gado_gado
gado_gado_8.jpg,gado_gado
gado_gado_9.jpg,gado_gado
gado_gado_10.jpg,gado_gado
gado_gado_11.jpg,gado_gado
gado_gado_12.jpg,gado_gado
gado_gado_13.jpg,gado_gado
gado_gado_14.jpg,gado_gado
gado_gado_15.jpg,gado_gado
gado_gado_16.jpg,gado_gado
gado_gado_17.jpg,gado_gado
gado_gado_18.jpg,gado_gado
gado_gado_19.jpg,gado_gado
gado_gado_20.jpg,gado_gado
gado_gado_21.jpg,gado_gado
gado_gado_22.jpg,gado_gado
gado_gado_23.jpg,gado_gado
gado_gado_24.jpg,gado_gado
gado_gado_25.jpg,gado_gado
gado_gado_26.jpg,gado_gado
